{"cameraMode":{"drawMode":0,"name":"Shaded","section":"Shading Mode"},"sceneLighting":true,"audioPlay":false,"sceneViewState":{"showFog":true,"showMaterialUpdate":false,"showSkybox":true,"showFlares":true,"showImageEffects":true,"showParticleSystems":true},"in2DMode":false,"pivot":{"x":-3.880420684814453,"y":12.771936416625977,"z":-38.363372802734378},"rotation":{"x":0.2570343315601349,"y":0.25013625621795657,"z":-0.069065161049366,"w":0.9309117197990418},"size":52.11151885986328,"orthographic":false}